electronicMailAddress;organisationName;positionName;Name;firstname;deliveryPoint;city;administrativeArea;postalCode;country;voice;facsimile;setNameISOOnlineResource;ISOOnlineResource
montavon@subatech.in2p3.fr;Subatech - UMR 6457 - Laboratoire de physique subatomique et des technologies associées;Research Director;Montavon;Gilles;4 rue Alfred Kastler - La Chantrerie - BP 20722 44307 Nantes cedex 3 France;Nantes;-;44307;France;33 (0)2 51 85 87 28;33 (0)2 51 85 84 79 ;Web page;http://www-subatech.in2p3.fr/fr/
mireille.delnero@iphc.cnrs.fr;Institut Pluridisciplinaire Hubert CURIEN (IPHC), UMR 7178, Université de Strasbourg et CNRS;Researcher;Del Nero;Mireille;Batiment 27, BP28, 67037 Cedex 2, 23 Rue du Loess, 67200 Strasbourg;Strasbourg;-;67200;France;33 (0)3 88 10 64 08;33 (0)3 88 10 64 31;Web page;http://www.iphc.cnrs.fr/
david.sarramia@clermont.in2p3.fr;U.M.R 6533 LPC, Université Clermont Auvergne;Associate Professor;Sarramia;David;Campus Universitaire des Cézeaux - 4 Avenue Blaise Pascal -  TSA 60026 - CS 60026;Aubière;-;63178;France;33 (0)4 73 40 51 24;33 (0)4 73 40 53 24;Web page;http://clrwww.in2p3.fr/
didier.miallier@clermont.in2p3.fr;U.M.R 6533 LPC, Université Clermont Auvergne;Professor;Miallier;Didier;Campus Universitaire des Cézeaux - 4 Avenue Blaise Pascal -  TSA 60026 - CS 60026;Aubière;-;63178;France;33 (0) 4 73 40 73 09;33 (0)4 73 40 53 24;Web page;http://clrwww.in2p3.fr/
vincent.breton@clermont.in2p3.fr;U.M.R 6533 LPC, Université Clermont Auvergne;Research Director;Breton;Vincent;Campus Universitaire des Cézeaux - 4 Avenue Blaise Pascal -  TSA 60026 - CS 60026;Aubière;-;63178;France;33 (0)4 73 40 53 24;33 (0)4 73 40 53 24;Web page;http://clrwww.in2p3.fr/
